{"cameraMode":{"drawMode":0,"name":"Shaded","section":"Shading Mode"},"sceneLighting":true,"audioPlay":false,"sceneViewState":{"showFog":true,"showMaterialUpdate":false,"showSkybox":true,"showFlares":true,"showImageEffects":true,"showParticleSystems":true},"in2DMode":false,"pivot":{"x":-0.33551687002182009,"y":1.8258261680603028,"z":3.8796963691711427},"rotation":{"x":-0.2649294435977936,"y":0.18430407345294953,"z":-0.05166507139801979,"w":-0.9450817704200745},"size":3.08953857421875,"orthographic":false}