{"cameraMode":{"drawMode":0,"name":"Shaded","section":"Shading Mode"},"sceneLighting":true,"audioPlay":false,"sceneViewState":{"showFog":true,"showMaterialUpdate":false,"showSkybox":true,"showFlares":true,"showImageEffects":true,"showParticleSystems":true},"in2DMode":false,"pivot":{"x":-2.1699299812316896,"y":-0.08511459827423096,"z":1.5281144380569459},"rotation":{"x":0.028272947296500207,"y":0.5014615654945374,"z":0.016398828476667405,"w":-0.8645623326301575},"size":2.702282428741455,"orthographic":false}