{"cameraMode":{"drawMode":0,"name":"Shaded","section":"Shading Mode"},"sceneLighting":true,"audioPlay":false,"sceneViewState":{"showFog":true,"showMaterialUpdate":false,"showSkybox":false,"showFlares":true,"showImageEffects":true,"showParticleSystems":true},"in2DMode":false,"pivot":{"x":0.44999998807907107,"y":2.75,"z":4.949999809265137},"rotation":{"x":-0.1261647492647171,"y":0.4205268323421478,"z":-0.05917932093143463,"w":-0.8965163230895996},"size":1.0059700012207032,"orthographic":false}