{"cameraMode":{"drawMode":0,"name":"Shaded","section":"Shading Mode"},"sceneLighting":false,"audioPlay":false,"sceneViewState":{"showFog":true,"showMaterialUpdate":false,"showSkybox":false,"showFlares":true,"showImageEffects":true,"showParticleSystems":true},"in2DMode":false,"pivot":{"x":-0.14171016216278077,"y":0.710152804851532,"z":-0.2274460792541504},"rotation":{"x":-0.0027581730391830208,"y":0.5526943206787109,"z":-0.001829208224080503,"w":-0.8333777785301209},"size":0.8567463159561157,"orthographic":false}