{"cameraMode":{"drawMode":0,"name":"Shaded","section":"Shading Mode"},"sceneLighting":true,"audioPlay":false,"sceneViewState":{"showFog":true,"showMaterialUpdate":false,"showSkybox":false,"showFlares":true,"showImageEffects":true,"showParticleSystems":true},"in2DMode":false,"pivot":{"x":2.1079959869384767,"y":2.179971694946289,"z":6.688042640686035},"rotation":{"x":-0.137176051735878,"y":0.2243528664112091,"z":-0.031915489584207538,"w":-0.9642789959907532},"size":3.7312071323394777,"orthographic":false}