{"cameraMode":{"drawMode":0,"name":"Shaded","section":"Shading Mode"},"sceneLighting":false,"audioPlay":false,"sceneViewState":{"showFog":true,"showMaterialUpdate":false,"showSkybox":false,"showFlares":true,"showImageEffects":true,"showParticleSystems":true},"in2DMode":false,"pivot":{"x":-1.369922161102295,"y":6.07218074798584,"z":-4.152696132659912},"rotation":{"x":-0.007402434479445219,"y":0.9887387752532959,"z":-0.052263353019952777,"w":-0.14003977179527284},"size":7.826164722442627,"orthographic":false}