{"cameraMode":{"drawMode":0,"name":"Shaded","section":"Shading Mode"},"sceneLighting":false,"audioPlay":false,"sceneViewState":{"showFog":true,"showMaterialUpdate":false,"showSkybox":false,"showFlares":true,"showImageEffects":true,"showParticleSystems":true},"in2DMode":false,"pivot":{"x":3.0025579929351808,"y":-6.279426097869873,"z":-6.851306915283203},"rotation":{"x":-0.33191370964050295,"y":-0.21906054019927979,"z":0.07955404371023178,"w":-0.9140816330909729},"size":15.327104568481446,"orthographic":false}