{"cameraMode":{"drawMode":0,"name":"Shaded","section":"Shading Mode"},"sceneLighting":false,"audioPlay":false,"sceneViewState":{"showFog":true,"showMaterialUpdate":false,"showSkybox":false,"showFlares":true,"showImageEffects":true,"showParticleSystems":true},"in2DMode":false,"pivot":{"x":0.7305325269699097,"y":-1.2247812747955323,"z":-1.3059782981872559},"rotation":{"x":-0.12914447486400605,"y":-0.39500296115875246,"z":0.05619239807128906,"w":-0.9078221917152405},"size":3.3000171184539797,"orthographic":false}