{"cameraMode":{"drawMode":0,"name":"Shaded","section":"Shading Mode"},"sceneLighting":false,"audioPlay":false,"sceneViewState":{"showFog":true,"showMaterialUpdate":false,"showSkybox":false,"showFlares":true,"showImageEffects":true,"showParticleSystems":true},"in2DMode":false,"pivot":{"x":-123.04000091552735,"y":54.56071472167969,"z":-71.55902862548828},"rotation":{"x":0.15175317227840424,"y":-0.27563226222991946,"z":0.044113531708717349,"w":0.9481847286224365},"size":14.54278564453125,"orthographic":false}