{"cameraMode":{"drawMode":0,"name":"Shaded","section":"Shading Mode"},"sceneLighting":false,"audioPlay":false,"sceneViewState":{"showFog":true,"showMaterialUpdate":false,"showSkybox":false,"showFlares":true,"showImageEffects":true,"showParticleSystems":true},"in2DMode":false,"pivot":{"x":3.9908816814422609,"y":3.084869623184204,"z":0.9594583511352539},"rotation":{"x":0.11745133250951767,"y":0.6791219115257263,"z":-0.11140986531972885,"w":0.7159578800201416},"size":8.956317901611329,"orthographic":false}