{"cameraMode":{"drawMode":0,"name":"Shaded","section":"Shading Mode"},"sceneLighting":false,"audioPlay":false,"sceneViewState":{"showFog":true,"showMaterialUpdate":false,"showSkybox":false,"showFlares":true,"showImageEffects":true,"showParticleSystems":true},"in2DMode":false,"pivot":{"x":2.246405601501465,"y":-0.3507145941257477,"z":-5.040566444396973},"rotation":{"x":-0.15436504781246186,"y":-0.18526990711688996,"z":0.029498636722564698,"w":-0.9700561761856079},"size":7.117927551269531,"orthographic":false}