{"cameraMode":{"drawMode":0,"name":"Shaded","section":"Shading Mode"},"sceneLighting":false,"audioPlay":false,"sceneViewState":{"showFog":true,"showMaterialUpdate":false,"showSkybox":false,"showFlares":true,"showImageEffects":true,"showParticleSystems":true},"in2DMode":false,"pivot":{"x":-9.899999618530274,"y":3.9700000286102297,"z":-16.399999618530275},"rotation":{"x":0.00529176602140069,"y":0.9449493288993836,"z":-0.32683899998664858,"w":0.01530599594116211},"size":4.1617302894592289,"orthographic":false}