{"cameraMode":{"drawMode":0,"name":"Shaded","section":"Shading Mode"},"sceneLighting":true,"audioPlay":false,"sceneViewState":{"showFog":true,"showMaterialUpdate":false,"showSkybox":true,"showFlares":true,"showImageEffects":true,"showParticleSystems":true},"in2DMode":false,"pivot":{"x":-11.052936553955079,"y":-0.49384409189224245,"z":-1.1177124977111817},"rotation":{"x":-0.24505074322223664,"y":-0.3059232234954834,"z":0.08182454109191895,"w":-0.9163522124290466},"size":6.2779693603515629,"orthographic":false}