{"cameraMode":{"drawMode":0,"name":"Shaded","section":"Shading Mode"},"sceneLighting":false,"audioPlay":false,"sceneViewState":{"showFog":true,"showMaterialUpdate":false,"showSkybox":false,"showFlares":true,"showImageEffects":true,"showParticleSystems":true},"in2DMode":false,"pivot":{"x":2.6870133876800539,"y":2.713313102722168,"z":-7.324172019958496},"rotation":{"x":-0.35170987248420718,"y":-0.13387353718280793,"z":0.050908174365758899,"w":-0.9251028299331665},"size":9.28549861907959,"orthographic":false}