{"cameraMode":{"drawMode":0,"name":"Shaded","section":"Shading Mode"},"sceneLighting":true,"audioPlay":false,"sceneViewState":{"showFog":true,"showMaterialUpdate":false,"showSkybox":true,"showFlares":true,"showImageEffects":true,"showParticleSystems":true},"in2DMode":false,"pivot":{"x":-4.574488162994385,"y":0.5274274349212647,"z":78.12017822265625},"rotation":{"x":-0.37661316990852358,"y":-0.08626442402601242,"z":0.03524831682443619,"w":-0.9217134118080139},"size":12.044224739074707,"orthographic":false}