{"cameraMode":{"drawMode":0,"name":"Shaded","section":"Shading Mode"},"sceneLighting":true,"audioPlay":false,"sceneViewState":{"showFog":true,"showMaterialUpdate":false,"showSkybox":true,"showFlares":true,"showImageEffects":true,"showParticleSystems":true},"in2DMode":false,"pivot":{"x":-0.8181543350219727,"y":2.250779867172241,"z":1.0519347190856934},"rotation":{"x":-0.18883085250854493,"y":0.6468698382377625,"z":-0.16987335681915284,"w":-0.7190593481063843},"size":5.940025806427002,"orthographic":false}