{"cameraMode":{"drawMode":0,"name":"Shaded","section":"Shading Mode"},"sceneLighting":false,"audioPlay":false,"sceneViewState":{"showFog":true,"showMaterialUpdate":false,"showSkybox":false,"showFlares":true,"showImageEffects":true,"showParticleSystems":true},"in2DMode":false,"pivot":{"x":-1.3111714124679566,"y":4.083038330078125,"z":-3.950192928314209},"rotation":{"x":-0.014498785138130188,"y":0.9814002513885498,"z":-0.17282114923000337,"w":-0.08233457803726196},"size":12.031232833862305,"orthographic":false}