{"cameraMode":{"drawMode":0,"name":"Shaded","section":"Shading Mode"},"sceneLighting":true,"audioPlay":false,"sceneViewState":{"showFog":true,"showMaterialUpdate":false,"showSkybox":false,"showFlares":true,"showImageEffects":true,"showParticleSystems":true},"in2DMode":false,"pivot":{"x":-4.0593061447143559,"y":3.057624578475952,"z":76.51747131347656},"rotation":{"x":-0.06681608408689499,"y":0.1341569572687149,"z":-0.009297037497162819,"w":-0.9888297319412231},"size":7.761561870574951,"orthographic":false}