{"cameraMode":{"drawMode":0,"name":"Shaded","section":"Shading Mode"},"sceneLighting":true,"audioPlay":false,"sceneViewState":{"showFog":true,"showMaterialUpdate":false,"showSkybox":true,"showFlares":true,"showImageEffects":true,"showParticleSystems":true},"in2DMode":false,"pivot":{"x":0.2977476119995117,"y":2.5652122497558595,"z":11.54470443725586},"rotation":{"x":-0.13159196078777314,"y":-0.5398955345153809,"z":0.08591525256633759,"w":-0.8269338011741638},"size":13.829639434814454,"orthographic":false}