{"cameraMode":{"drawMode":0,"name":"Shaded","section":"Shading Mode"},"sceneLighting":false,"audioPlay":false,"sceneViewState":{"showFog":true,"showMaterialUpdate":false,"showSkybox":false,"showFlares":true,"showImageEffects":true,"showParticleSystems":true},"in2DMode":false,"pivot":{"x":-1.0146756172180176,"y":0.875343382358551,"z":4.576382637023926},"rotation":{"x":0.10828667134046555,"y":0.7303674221038818,"z":-0.11913886666297913,"w":0.6638174653053284},"size":4.633012771606445,"orthographic":false}