{"cameraMode":{"drawMode":0,"name":"Shaded","section":"Shading Mode"},"sceneLighting":false,"audioPlay":false,"sceneViewState":{"showFog":true,"showMaterialUpdate":false,"showSkybox":false,"showFlares":true,"showImageEffects":true,"showParticleSystems":true},"in2DMode":false,"pivot":{"x":-21.947669982910158,"y":2.182502508163452,"z":-13.826505661010743},"rotation":{"x":-0.21087104082107545,"y":0.133774995803833,"z":-0.02914866991341114,"w":-0.9679619669914246},"size":17.69407844543457,"orthographic":false}