{"cameraMode":{"drawMode":0,"name":"Shaded","section":"Shading Mode"},"sceneLighting":false,"audioPlay":false,"sceneViewState":{"showFog":true,"showMaterialUpdate":false,"showSkybox":false,"showFlares":true,"showImageEffects":true,"showParticleSystems":true},"in2DMode":false,"pivot":{"x":-2.6847445964813234,"y":0.675778865814209,"z":-1.05512273311615},"rotation":{"x":-0.12914447486400605,"y":-0.39500296115875246,"z":0.05619239807128906,"w":-0.9078221917152405},"size":2.700017213821411,"orthographic":false}