{"cameraMode":{"drawMode":0,"name":"Shaded","section":"Shading Mode"},"sceneLighting":true,"audioPlay":false,"sceneViewState":{"showFog":true,"showMaterialUpdate":false,"showSkybox":true,"showFlares":true,"showImageEffects":true,"showParticleSystems":true},"in2DMode":false,"pivot":{"x":-64.24275970458985,"y":5.164065361022949,"z":68.21426391601563},"rotation":{"x":-0.020674148574471475,"y":-0.9290546178817749,"z":0.36569634079933169,"w":-0.05243271216750145},"size":30.081968307495118,"orthographic":false}