{"cameraMode":{"drawMode":0,"name":"Shaded","section":"Shading Mode"},"sceneLighting":true,"audioPlay":false,"sceneViewState":{"showFog":true,"showMaterialUpdate":false,"showSkybox":false,"showFlares":true,"showImageEffects":true,"showParticleSystems":true},"in2DMode":false,"pivot":{"x":-747.1761474609375,"y":50.21098709106445,"z":-48.70398712158203},"rotation":{"x":-0.001446275506168604,"y":-0.4145458936691284,"z":-0.0004463261866476387,"w":0.9102050065994263},"size":2.0933213233947756,"orthographic":false}