{"cameraMode":{"drawMode":0,"name":"Shaded","section":"Shading Mode"},"sceneLighting":true,"audioPlay":false,"sceneViewState":{"showFog":true,"showMaterialUpdate":false,"showSkybox":false,"showFlares":true,"showImageEffects":true,"showParticleSystems":true},"in2DMode":false,"pivot":{"x":-4.0593061447143559,"y":3.057624578475952,"z":76.51747131347656},"rotation":{"x":0.10395805537700653,"y":-0.8252791166305542,"z":0.16180673241615296,"w":0.5312632322311401},"size":13.635733604431153,"orthographic":false}