{"cameraMode":{"drawMode":0,"name":"Shaded","section":"Shading Mode"},"sceneLighting":false,"audioPlay":false,"sceneViewState":{"showFog":true,"showMaterialUpdate":false,"showSkybox":false,"showFlares":true,"showImageEffects":true,"showParticleSystems":true},"in2DMode":false,"pivot":{"x":-0.20020174980163575,"y":-0.6113660931587219,"z":-0.4887416958808899},"rotation":{"x":-0.28531619906425478,"y":-0.5497286915779114,"z":0.20711472630500794,"w":-0.7572987079620361},"size":0.30001741647720339,"orthographic":false}