{"cameraMode":{"drawMode":0,"name":"Shaded","section":"Shading Mode"},"sceneLighting":true,"audioPlay":false,"sceneViewState":{"showFog":true,"showMaterialUpdate":false,"showSkybox":true,"showFlares":true,"showImageEffects":true,"showParticleSystems":true},"in2DMode":false,"pivot":{"x":40.164791107177737,"y":6.448936939239502,"z":84.61481475830078},"rotation":{"x":0.183375284075737,"y":0.796970546245575,"z":-0.4934636354446411,"w":0.29616352915763857},"size":7.142632961273193,"orthographic":false}