{"cameraMode":{"drawMode":0,"name":"Shaded","section":"Shading Mode"},"sceneLighting":false,"audioPlay":false,"sceneViewState":{"showFog":true,"showMaterialUpdate":false,"showSkybox":false,"showFlares":true,"showImageEffects":true,"showParticleSystems":true},"in2DMode":false,"pivot":{"x":0.06701846420764923,"y":-0.28009065985679629,"z":-0.3798828125},"rotation":{"x":-0.13159196078777314,"y":-0.5398955345153809,"z":0.08591525256633759,"w":-0.8269338011741638},"size":1.5000174045562745,"orthographic":false}