{"cameraMode":{"drawMode":0,"name":"Shaded","section":"Shading Mode"},"sceneLighting":false,"audioPlay":false,"sceneViewState":{"showFog":true,"showMaterialUpdate":false,"showSkybox":false,"showFlares":true,"showImageEffects":true,"showParticleSystems":true},"in2DMode":false,"pivot":{"x":-1.3111714124679566,"y":4.083038330078125,"z":-3.950192928314209},"rotation":{"x":0.013242801651358605,"y":0.9837174415588379,"z":-0.15956884622573853,"w":0.0816393494606018},"size":12.031232833862305,"orthographic":false}