{"cameraMode":{"drawMode":0,"name":"Shaded","section":"Shading Mode"},"sceneLighting":false,"audioPlay":false,"sceneViewState":{"showFog":true,"showMaterialUpdate":false,"showSkybox":false,"showFlares":true,"showImageEffects":true,"showParticleSystems":true},"in2DMode":false,"pivot":{"x":-746.2963256835938,"y":48.688812255859378,"z":-47.67731475830078},"rotation":{"x":-0.041055433452129367,"y":0.6673377752304077,"z":-0.0368727445602417,"w":-0.7427299618721008},"size":12.12435531616211,"orthographic":false}