{"cameraMode":{"drawMode":0,"name":"Shaded","section":"Shading Mode"},"sceneLighting":false,"audioPlay":false,"sceneViewState":{"showFog":true,"showMaterialUpdate":false,"showSkybox":false,"showFlares":true,"showImageEffects":true,"showParticleSystems":true},"in2DMode":false,"pivot":{"x":0.2998543977737427,"y":-1.6073641777038575,"z":-1.9871972799301148},"rotation":{"x":-0.13159196078777314,"y":-0.5398955345153809,"z":0.08591525256633759,"w":-0.8269338011741638},"size":3.0000171661376955,"orthographic":false}